ITEMID;CONFIGID;STOCK;FECHAPROX;;;
112512;;23;4/7/20;;;
112638;;25;;;;
118624;;19;;;;
119015;;71;4/7/20;;;
119122;;74;4/7/20;;;
119238;;25;4/7/20;;;
119344;;21;14/3/20;;;
119481;;0;1/5/20;;;
1218;;21;;;;
124011;;47;4/7/20;;;
124346;;24;16/3/20;;;
124465;;53;4/7/20;;;
127011;;32;4/7/20;;;
127127;;51;4/7/20;;;
127233;;37;1/5/20;;;
127387;;20;14/3/20;;;
1280;;66;;;;
130963;;21;1/5/20;;;
1361;;21;;;;
1419;;16;;;;
14422;;1;;;;
14430;;1;;;;
14442;;1;;;;
1446R02;;25;4/7/20;;;
1447R02;;5;4/7/20;;;
1448R02;;21;4/7/20;;;
1465;;208;;;;
1472;;9;;;;
148193;;23;14/3/20;;;
148277;;32;24/4/20;;;
152461;;9;;;;
152461D;;0;;;;
160320;;64;14/3/20;;;
160451;;32;4/7/20;;;
160563;;35;1/5/20;;;
160674;;41;26/6/20;;;
160785;;31;14/3/20;;;
160974;;27;14/3/20;;;
161022;;21;14/3/20;;;
161461;;18;;;;
161461UK;;18;;;;
163846;;1;24/4/20;;;
174011;;19;14/3/20;;;
174011R01;;2;4/7/20;;;
174112;;2;14/3/20;;;
174112D;;0;4/7/20;;;
174112R01;;51;;;;
174213;;28;24/4/20;;;
174414;;62;4/7/20;;;
174414R01;;4;4/7/20;;;
174414R02;;0;;;;
174414UK;;62;4/7/20;;;
174631;;30;;;;
182504;;7;18/3/20;;;
183201;;48;24/4/20;;;
183320;;28;14/3/20;;;
183431;;9;14/3/20;;;
183542;;37;26/6/20;;;
183542R01;;16;;;;
183542R02;;79;;;;
183542UK;;38;;;;
183653;;11;14/3/20;;;
184136;;25;1/5/20;;;
193091;;86;24/4/20;;;
193182R01;;29;;;;
193273;;189;24/4/20;;;
193364;;40;4/7/20;;;
193364D;;;4/7/20;;;
193453;;90;4/7/20;;;
193453D;;;4/7/20;;;
193539;;12;24/4/20;;;
193539D;;0;4/7/20;;;
195381;;28;;;;
195627;;44;14/3/20;;;
198321;;41;4/7/20;;;
198533;;62;4/7/20;;;
205296;;35;17/4/20;;;
2059;;4;1/5/20;;;
2059P;;10;4/7/20;;;
2060;;12;29/5/20;;;
2060LD;;8;4/7/20;;;
2061;;11;4/7/20;;;
2061LD;;5;4/7/20;;;
2062;;3;;;;
2062LD;;2;;;;
2064;;6;;;;
2064D;;1;;;;
2064LD;;2;;;;
2067;;1;;;;
2069;;0;14/3/20;;;
2069D;;2;;;;
2069LT;;1;;;;
2070;;7;14/3/20;;;
2071;;14;16/3/20;;;
2071LD;;6;4/7/20;;;
2072;;28;4/7/20;;;
2073;;9;14/3/20;;;
2082;;30;16/3/20;;;
2082LD;;6;;;;
2083;;6;4/7/20;;;
2084;;28;4/7/20;;;
2112;;6;;;;
2113;;4;;;;
2113LT;;7;;;;
213111;;46;29/5/20;;;
213226;;16;16/3/20;;;
213301;;9;24/4/20;;;
213455;;13;26/6/20;;;
213547;;6;14/3/20;;;
213547UK;;6;;;;
213639;;22;;;;
213639D;;;4/7/20;;;
213790;;23;4/7/20;;;
213790D;;2;4/7/20;;;
213868;;31;26/6/20;;;
250516N;;9;14/3/20;;;
257685;;27;;;;
266028;;48;14/3/20;;;
266035N;;127;4/7/20;;;
266172;;0;14/3/20;;;
266172R01;;182;4/7/20;;;
266251N;;11;14/3/20;;;
266284;;69;14/3/20;;;
266284R01;;92;4/7/20;;;
266290;;49;4/7/20;;;
266426;;18;;;;
266544N;;0;14/3/20;;;
266544NUK;;0;;;;
266577;;20;14/3/20;;;
266577UK;;22;;;;
266616N;;6;29/2/20;;;
266616NUK;;6;14/3/20;;;
266695;;3;5/6/20;;;
266695UK;;3;5/6/20;;;
266724;;35;14/3/20;;;
266753;;14;14/3/20;;;
266782N;;45;14/3/20;;;
266822N;;11;14/3/20;;;
266847;;19;14/3/20;;;
266866;;31;14/3/20;;;
266946;;22;14/3/20;;;
266973N;;5;14/3/20;;;
268172;;15;20/3/20;;;
273954;;32;;;;
275836;;2;24/4/20;;;
281096;;69;4/7/20;;;
281275;;78;4/7/20;;;
281275D;;0;4/7/20;;;
281360;;71;;;;
281360D;;0;4/7/20;;;
281483;;91;;;;
287506;;12;14/3/20;;;
287693;;2;24/4/20;;;
287753;;74;;;;
287760;;14;14/3/20;;;
290152;;6;;;;
295183;;10;18/3/20;;;
296243;;49;;;;
29-E07/150;;51;14/3/20;;;
29-E07/178;;40;14/3/20;;;
29-E07/90;;51;14/3/20;;;
29-E13;;55;16/3/20;;;
29-E16;;3;16/3/20;;;
29-E23;;49;4/7/20;;;
29-E35;;19;16/3/20;;;
29-E47;;3;;;;
301012;;7;;;;
302915;;1;;;;
305137;;13;4/7/20;;;
305284;;11;4/7/20;;;
305391;;29;4/7/20;;;
305429;;13;4/7/20;;;
305507;;4;4/7/20;;;
305714;;11;4/7/20;;;
305850;;1;;;;
305963;;24;4/7/20;;;
3063;;11;;;;
3075;;207;;;;
316451;;33;29/2/20;;;
316451UK;;40;;;;
316704;;15;17/4/20;;;
316872;;5;17/4/20;;;
316918;;33;17/7/20;;;
321136R01;;22;;;;
321136R02;;19;;;;
324190;;30;4/7/20;;;
324281;;57;4/7/20;;;
324281UK;;59;4/7/20;;;
324281UKR01;;11;4/7/20;;;
324563;;20;;;;
345381;;4;;;;
345462;;56;;;;
345509;;26;26/6/20;;;
345509D;;3;4/7/20;;;
346011;;19;17/3/20;;;
346028;;108;14/3/20;;;
346109;;17;26/6/20;;;
346115;;1;14/3/20;;;
346230;;0;10/3/20;;;
346230UK;;0;;;;
346246;;10;;;;
346357;;14;29/5/20;;;
346357UK;;14;;;;
346382;;75;14/3/20;;;
346382UK;;76;;;;
346573;;56;4/7/20;;;
346596;;48;14/3/20;;;
346724;;0;10/3/20;;;
346766;;13;14/3/20;;;
346810;;2;;;;
351822;;6;14/3/20;;;
357960LT;;6;;;;
371102;;9;8/5/20;;;
371235;;27;4/7/20;;;
372095;;34;4/7/20;;;
372284;;96;4/7/20;;;
372361;;59;4/7/20;;;
372408;;73;4/7/20;;;
372510;;107;4/7/20;;;
373067;;0;24/4/20;;;
373075;;0;24/4/20;;;
373084;;14;16/3/20;;;
373091;;38;24/4/20;;;
373101;;93;;;;
373101D;;1;4/7/20;;;
373123;;66;14/3/20;;;
373123D;;;4/7/20;;;
373142;;32;4/7/20;;;
373142D;;0;4/7/20;;;
373250;;54;;;;
373250D;;;4/7/20;;;
373261;;21;24/4/20;;;
373261D;;0;4/7/20;;;
373342;;26;24/4/20;;;
373342D;;;4/7/20;;;
373378;;34;14/3/20;;;
373378D;;1;4/7/20;;;
373416;;40;14/3/20;;;
373416D;;0;;;;
373437;;1;14/3/20;;;
373437D;;1;4/7/20;;;
373579;;5;16/3/20;;;
373579UK;;7;;;;
373581;;27;26/6/20;;;
373581UK;;27;;;;
373599;;184;;;;
373599UK;;188;;;;
373614;;65;;;;
373614UK;;70;;;;
373629;;64;;;;
373629UK;;4;4/7/20;;;
373685;;11;14/3/20;;;
373685UK;;11;;;;
374925;;1;;;;
375099;;43;;;;
375213;;13;;;;
375325;;7;;;;
375438;;3;;;;
375509;;72;4/7/20;;;
375618;;43;14/3/20;;;
376370;;89;;;;
376484;;28;;;;
377101;;52;14/3/20;;;
377485;;1;14/3/20;;;
377523;;9;14/3/20;;;
377934;;44;14/3/20;;;
385314;;87;16/3/20;;;
385415;;9;14/3/20;;;
386113;;18;14/3/20;;;
386279;;17;4/7/20;;;
387218;;11;4/7/20;;;
391218;;107;14/3/20;;;
391329;;20;29/5/20;;;
391329UK;;23;;;;
391540;;33;26/6/20;;;
391653;;17;14/3/20;;;
391653R01;;59;;;;
391653R02;;26;4/7/20;;;
391870;;58;4/7/20;;;
392742;;14;;;;
392856;;18;18/3/20;;;
394318;;22;14/3/20;;;
394460;;4;14/3/20;;;
394460R01;;11;;;;
394529;;25;1/5/20;;;
394647;;4;14/3/20;;;
394782;;0;10/3/20;;;
394782R01;;6;;;;
394782R02;;0;;;;
394834;;34;29/5/20;;;
397319;;26;;;;
397402;;25;;;;
400-00;;1;;;;
400-002;;1;;;;
400-01/03;;1;;;;
400-01/200;;2;;;;
400-02/02 DER;;2;;;;
400-02/02 IZDA;;2;;;;
400-05;;1;;;;
400-05/02;;1;;;;
400-15/01;;1;;;;
400-43;;1;;;;
400-50/02;;1;;;;
404-01/180;;1;;;;
404-22;;1;;;;
411-00;;0;4/7/20;;;
411-08;;6;;;;
411-50;;1;;;;
412-00;;1;;;;
412-01/200;;1;;;;
412-02/01;;2;;;;
412-03/01;;1;;;;
412-04/01;;2;;;;
412-07/01;;2;;;;
412-08/01;;2;;;;
412371;;12;14/3/20;;;
415-00;;0;;;;
415-01/150;;1;;;;
415-02;;2;;;;
415-08;;1;;;;
415801;;156;4/7/20;;;
415801UK;;156;4/7/20;;;
415801UKR01;;39;4/7/20;;;
420-00;;1;4/7/20;;;
420-01/200;;1;;;;
420-02;;2;;;;
420-04;;1;;;;
420-08/01;;1;;;;
421862;;23;17/4/20;;;
428605;;23;4/7/20;;;
428605P;;25;4/7/20;;;
429126;;22;14/3/20;;;
429852;;85;;;;
429948;;31;;;;
431851;;39;4/7/20;;;
431862;;16;14/3/20;;;
434-00;;1;;;;
434-01/180;;2;;;;
434-02/01;;2;;;;
434-03;;1;;;;
434-04;;3;;;;
434-08;;1;;;;
434-12;;1;;;;
436-00;;1;;;;
436-02;;3;;;;
436-03;;1;;;;
436-04;;1;;;;
436-07;;2;;;;
436218;;39;4/7/20;;;
436462;;14;4/7/20;;;
436462UK;;14;4/7/20;;;
436631;;23;;;;
436-80;;1;;;;
438-00;;1;;;;
438-01/180;;1;;;;
438-02;25;2;;;;
438-03;;1;;;;
438-04;;1;;;;
438-21;366;2;;;;
438-24;366;1;;;;
438-50;;1;;;;
440-00;;1;;;;
440-01/270;;1;;;;
440-04;;1;;;;
440-04/2;;1;;;;
440-08/01;;1;;;;
440-14/90;;1;;;;
440-54/01;;1;;;;
442522;;35;;;;
442522UK;;35;;;;
442637;;17;4/7/20;;;
442637UK;;17;4/7/20;;;
442749;;25;4/7/20;;;
442749UK;;33;4/7/20;;;
442851;;54;4/7/20;;;
442963;;8;10/4/20;;;
442963UK;;10;;;;
443196;;40;4/7/20;;;
443-55;;2;;;;
446-00;;;;;;
446-01/200;;2;;;;
446-01/300;;1;;;;
446-15/02;;1;;;;
447510;;19;8/5/20;;;
452193;;22;4/7/20;;;
453108;;40;4/7/20;;;
453108UK;;44;4/7/20;;;
453294;;24;10/4/20;;;
453294UK;;27;;;;
456120;;16;14/3/20;;;
456120D;;0;10/3/20;;;
456231;;9;14/3/20;;;
456231D;;0;10/3/20;;;
456231R01;;4;;;;
456342;;63;14/3/20;;;
456342D;;38;4/7/20;;;
456453;;76;14/3/20;;;
456453D;;3;29/5/20;;;
456453R01;;87;4/7/20;;;
456453R02;;0;;;;
457491;;6;24/4/20;;;
461831;;18;;;;
461975;;54;4/7/20;;;
462812;;14;14/3/20;;;
462952;;16;;;;
463-00;;0;;;;
463-02;;0;;;;
463-05;;0;;;;
463-20;;0;;;;
467235;;17;;;;
467235UK;;18;;;;
468174;;42;4/7/20;;;
468210;;58;;;;
468210UK;;65;;;;
468210UKR01;;120;4/7/20;;;
468227;;329;4/7/20;;;
468227UK;;365;4/7/20;;;
472684;;127;26/6/20;;;
473217;;3;;;;
473228;;16;;;;
473859;;2;;;;
475168;;1;8/5/20;;;
475-20;;1;;;;
475273;;26;14/3/20;;;
475416;;25;10/4/20;;;
475416UK;;25;;;;
475592;;18;10/4/20;;;
475592UK;;18;;;;
480152;;10;14/3/20;;;
480531;4834;27;4/7/20;;;
480531;S/A;27;4/7/20;;;
481016;;28;;;;
481016D;;;4/7/20;;;
481541;;15;1/5/20;;;
481541D;;1;4/7/20;;;
482033;;14;10/4/20;;;
482164;;9;10/4/20;;;
4834;;74;4/7/20;;;
483490;;12;;;;
48R03;;0;;;;
48R06;;8;4/7/20;;;
48R09;;2;;;;
490275;;229;4/7/20;;;
490275UK;;230;;;;
490633;;46;26/6/20;;;
492061;;10;;;;
492061UK;;10;;;;
492753;;60;4/7/20;;;
493045;;41;4/7/20;;;
493045UK;;41;4/7/20;;;
493168;;47;14/3/20;;;
493168UK;;47;;;;
493826;;69;4/7/20;;;
493826UK;;69;4/7/20;;;
493826UKR01;;40;;;;
49441583;7611;1;14/3/20;;;
494634R01;;10;;;;
494745;;35;16/3/20;;;
495663;;71;;;;
495703;;27;4/7/20;;;
495872;;23;14/3/20;;;
496503;;4;17/7/20;;;
496640;;5;17/7/20;;;
496851;;33;4/7/20;;;
496925;;9;14/3/20;;;
497751;;28;4/7/20;;;
5001;;185;;;;
50011;;765;;;;
5003;;222;4/7/20;;;
5003S;;20;;;;
5004;;829;4/7/20;;;
50061S;;11;;;;
50069;;235;4/7/20;;;
50069S;;9;;;;
5008;;;;;;
50089;;276;4/7/20;;;
5008S;;4;;;;
50121;;408;4/7/20;;;
50121S;;2;;;;
50161;;162;;;;
5017;;178;4/7/20;;;
50179;;1309;12/6/20;;;
5017S;;2;;;;
50212;;1798;12/6/20;;;
50213;;1364;4/7/20;;;
50215;;1290;1/5/20;;;
50229;;488;4/7/20;;;
5031;;0;14/3/20;;;
5031S;;3;;;;
5033;;28;4/7/20;;;
5033S;;;;;;
506514;;81;4/7/20;;;
506514R01;;104;;;;
506514R02;;112;;;;
506625;;7;16/3/20;;;
506625UK;;10;;;;
506736;;109;4/7/20;;;
506847;;93;14/3/20;;;
507039;;47;4/7/20;;;
507039R01;;5;4/7/20;;;
507130;;13;24/4/20;;;
507413;;23;24/4/20;;;
507413R01;;7;4/7/20;;;
507514;;29;1/5/20;;;
507514R01;;28;4/7/20;;;
507514R02;;5;;;;
507818;;14;14/6/19;;;
507818UK;;18;;;;
507939;;22;14/3/20;;;
507939D;;;4/7/20;;;
508030;;38;14/3/20;;;
508030D;;;4/7/20;;;
508111;;42;1/5/20;;;
508111D;;;4/7/20;;;
508111R01;;5;;;;
508111R02;;68;;;;
508111R03;;71;;;;
508111R04;;1;;;;
508111R05;;41;;;;
508222;;30;26/6/20;;;
508222R01;;12;;;;
508222UK;;37;;;;
508323;;3;14/3/20;;;
508323R01;;2;4/7/20;;;
508424;;23;14/3/20;;;
508424UK;;51;;;;
508516;;27;14/3/20;;;
508516R01;;9;;;;
508516UK;;67;;;;
508718;;75;14/3/20;;;
508718D;;;4/7/20;;;
508931UK;;3;;;;
509010;;14;14/3/20;;;
509010R01;;12;;;;
509213;;49;14/3/20;;;
509327;;89;16/3/20;;;
514223R01;;10;4/7/20;;;
514223R02;;10;4/7/20;;;
514223UKR03;;20;;;;
514234UKR03;;41;;;;
514390;;106;;;;
514390UK;;110;;;;
514390UKR01;;45;;;;
518394;;2;14/3/20;;;
520783;;11;29/2/20;;;
520783D;;0;4/7/20;;;
520783R01;;48;4/7/20;;;
527021B2/2;;18;;;;
531973;;45;4/7/20;;;
532115;;2;24/4/20;;;
532906;;18;17/7/20;;;
535190;;25;;;;
539764;;27;4/7/20;;;
541450;;11;14/3/20;;;
541450D;;0;4/7/20;;;
541450R01;;2;;;;
541461R01;;8;;;;
541528;;38;31/3/20;;;
541870R01;;8;4/7/20;;;
541882R01;;14;;;;
542013;;9;14/3/20;;;
542013D;;;4/7/20;;;
542013R01;;8;4/7/20;;;
549221;;282;4/7/20;;;
549221R01;;36;4/7/20;;;
549221UK;;287;4/7/20;;;
549234;;104;4/7/20;;;
549234R01;;61;4/7/20;;;
549234UK;;111;4/7/20;;;
549234UKR02;;64;4/7/20;;;
552097;;30;4/7/20;;;
552141;;17;4/7/20;;;
552283;;17;13/3/20;;;
552431;;58;4/7/20;;;
552522;;3;13/3/20;;;
552672;;46;29/5/20;;;
552758;;97;1/5/20;;;
552758UK;;130;;;;
552758UKR01;;50;4/7/20;;;
552764;;179;10/7/20;;;
552933;;20;13/3/20;;;
553095;;14;29/5/20;;;
553106;;19;29/5/20;;;
553218;;64;4/7/20;;;
553229;;90;4/7/20;;;
553347;;28;4/7/20;;;
553350;;30;4/7/20;;;
553472;;23;4/7/20;;;
553486;;40;4/7/20;;;
553602;;31;4/7/20;;;
553616;;8;4/7/20;;;
563958;;8;;;;
564803;;29;1/5/20;;;
564803R01;;0;4/7/20;;;
564916;;26;14/3/20;;;
568672;;17;4/7/20;;;
569120;;24;15/5/20;;;
569529;;20;25/5/20;;;
570R01;;21;4/7/20;;;
571034G9;;12;8/5/20;;;
571631R01;;5;4/7/20;;;
571914R01;;107;4/7/20;;;
571R01;;17;4/7/20;;;
572R01;;24;4/7/20;;;
579814G9;;10;4/7/20;;;
579814G9D;;;4/7/20;;;
579930G9;;0;14/3/20;;;
579930G9D;;;4/7/20;;;
580833;;89;4/7/20;;;
580919;;0;1/5/20;;;
580919UK;;0;;;;
580925UK;;0;;;;
580925UKR02;;2;4/7/20;;;
580931;;2;;;;
580944;;194;4/7/20;;;
580944UK;;194;4/7/20;;;
584102;;38;24/4/20;;;
584102R01;;92;;;;
584214;;0;15/3/20;;;
584326;;12;14/3/20;;;
584438;;24;17/4/20;;;
584438D;;4;14/3/20;;;
584541;;8;14/3/20;;;
584541D;;11;26/6/20;;;
584659;;13;1/5/20;;;
586107;;49;29/3/20;;;
586911;;40;;;;
586911UK;;46;;;;
586923;;34;4/7/20;;;
586923UK;;35;4/7/20;;;
589204;;8;14/3/20;;;
589204UKR01;;38;4/7/20;;;
589316;;15;14/3/20;;;
590681;;105;;;;
590716;;62;;;;
591538;;4;;;;
591684;;2;14/3/20;;;
591762;;2;;;;
591983;;0;27/3/20;;;
593364;;55;17/3/20;;;
593375;;0;15/5/20;;;
593429;;7;15/5/20;;;
593741;;39;;;;
594629;;1;29/5/20;;;
594782;;1;;;;
594782N;;3;29/5/20;;;
594894;;7;;;;
596912;;8;;;;
598301;;33;4/7/20;;;
600501;;69;6/3/20;;;
600502;;67;6/3/20;;;
600503;;156;4/7/20;;;
600514;;219;4/7/20;;;
60101;;18;4/7/20;;;
60112;;10;4/7/20;;;
60123;;10;4/7/20;;;
60134;;2;4/7/20;;;
610748R04;;1395;;;;
612547R01;;2;;;;
612547R02;;39;;;;
614082;;50;12/6/20;;;
614082UK;;55;;;;
614082UKR01;;84;4/7/20;;;
614157;;10;14/3/20;;;
614157UK;;16;;;;
614259;;45;4/7/20;;;
614259UK;;49;4/7/20;;;
614259UKR01;;44;4/7/20;;;
615926;;85;4/7/20;;;
616148R01;;70;4/7/20;;;
618253;;17;14/3/20;;;
618271;;7;24/4/20;;;
618318;;21;26/6/20;;;
618436;;15;24/4/20;;;
618492;;2;;;;
618547;;31;14/3/20;;;
618547R01;;6;4/7/20;;;
618609;;6;;;;
618716;;12;26/6/20;;;
618859;;2;14/3/20;;;
618914;;3;;;;
619007UK;;2;;;;
622582;;29;;;;
625211;;6;;;;
625432;;17;4/7/20;;;
625654;;5;;;;
625769;;8;;;;
628415;;28;;;;
638;;90;;;;
641697;;35;14/3/20;;;
641942;;8;;;;
642053;;55;4/7/20;;;
646137;;15;17/7/20;;;
648175;;13;24/4/20;;;
648362;;60;14/3/20;;;
648388;;2;14/3/20;;;
648417;;10;;;;
648417UK;;10;;;;
648436;;19;14/3/20;;;
650195;;12;4/7/20;;;
650274;;78;4/7/20;;;
650319;;34;4/7/20;;;
651320;;28;14/3/20;;;
651431;;8;14/3/20;;;
651542;;17;4/7/20;;;
652043;;27;16/3/20;;;
652138;;61;4/7/20;;;
653422;;0;14/3/20;;;
653422D;;;4/7/20;;;
653608;;64;14/3/20;;;
653608R01;;64;;;;
653841;;6;;;;
654168;;91;4/7/20;;;
654227;;6;9/3/20;;;
654248;;9;9/3/20;;;
654377;;29;4/7/20;;;
654639;;38;;;;
654942;;18;4/7/20;;;
657029;;15;4/7/20;;;
661418;;6;14/3/20;;;
661418UK;;7;;;;
661457N;;12;14/3/20;;;
661457NUK;;18;;;;
661543UK;;0;;;;
661565;;48;14/3/20;;;
661565UK;;49;;;;
661917;;35;4/7/20;;;
661917UK;;35;4/7/20;;;
661946N;;11;16/3/20;;;
661946NUK;;13;;;;
662110;;19;14/3/20;;;
662110UK;;19;14/3/20;;;
662136N;;39;14/3/20;;;
662136NUK;;47;;;;
662413;;20;24/4/20;;;
662413UK;;22;;;;
662514;;1;14/3/20;;;
662514UK;;10;;;;
662536;;35;5/6/20;;;
662536UK;;35;5/6/20;;;
663023;;27;14/3/20;;;
663023UK;;27;14/3/20;;;
663542;;6;16/3/20;;;
663554;;44;16/3/20;;;
663554R01;;3;4/7/20;;;
663565R01;;2;4/7/20;;;
663618;;66;16/3/20;;;
663676;;36;14/3/20;;;
664115;;22;4/7/20;;;
664443;;8;14/3/20;;;
664443UK;;8;;;;
671347R01;;2;;;;
671630R01;;28;;;;
673699;;38;4/7/20;;;
673744;;16;;;;
673938;;45;4/5/20;;;
675327;;25;;;;
675406;;94;4/7/20;;;
679215D;;5;4/7/20;;;
679215N;;25;15/3/20;;;
679215R01;;11;;;;
679526;;23;;;;
679526D;;8;;;;
679526N;;13;14/3/20;;;
680941;;19;17/3/20;;;
683195;;26;29/5/20;;;
683284;;29;29/5/20;;;
683759;;1;;;;
684530;;73;4/7/20;;;
685201;;48;4/7/20;;;
685201UK;;51;4/7/20;;;
685216;;44;4/7/20;;;
685216UK;;51;4/7/20;;;
685216UKR01;;30;4/7/20;;;
685364;;7;;;;
685364UKR01;;35;4/7/20;;;
685372;;11;4/7/20;;;
685372UK;;11;4/7/20;;;
685483;;20;4/7/20;;;
685483UK;;21;4/7/20;;;
685497;;29;4/7/20;;;
685497UK;;31;4/7/20;;;
687355;;3;;;;
689127;;17;26/6/20;;;
689253;;11;;;;
689253D;;;;;;
690217;;3;;;;
691573;;8;;;;
692514R01;;7;;;;
692514R02;;5;4/7/20;;;
69441581;7608;38;4/7/20;;;
694931;;70;4/7/20;;;
695190;;25;14/3/20;;;
696252;;12;;;;
696318;;20;26/6/20;;;
696427;;24;4/7/20;;;
697601;;19;14/3/20;;;
697712;;58;8/5/20;;;
697825;;13;24/4/20;;;
697825UK;;13;;;;
697825UKR01;;7;;;;
697943;;2;14/3/20;;;
698426;;21;4/7/20;;;
698426UK;;21;4/7/20;;;
70101;;5;4/7/20;;;
70122;;5;4/7/20;;;
70155;;6;4/7/20;;;
70201;;4;4/7/20;;;
70302;;9;4/7/20;;;
70350;;7;4/7/20;;;
70363;;;4/7/20;;;
70421;;4;4/7/20;;;
70454;;7;4/7/20;;;
70605;;6;4/7/20;;;
70721001;;3;;;;
7075;;9;14/3/20;;;
70806;;0;4/7/20;;;
7083210;;263;;;;
710936;;5;;;;
711021;;49;26/6/20;;;
711132;;4;14/3/20;;;
711324;;60;14/3/20;;;
713016;;4;14/3/20;;;
7148;;5;;;;
716153;;8;14/3/20;;;
716153UK;;10;;;;
716208;;19;17/7/20;;;
7164;;100;;;;
716478;;8;14/3/20;;;
716478D;;0;4/7/20;;;
716583;;5;17/3/20;;;
716620;;9;;;;
716620D;;2;4/7/20;;;
718257;;18;5/6/20;;;
719;;0;;;;
721745;;22;4/7/20;;;
723714;;38;;;;
723820;;33;26/6/20;;;
723820UK;;36;;;;
723955;;45;14/3/20;;;
725106;;4;14/3/20;;;
725751;;1;15/5/20;;;
726012;;27;4/7/20;;;
726124;;19;14/3/20;;;
726281;;46;14/3/20;;;
726348;;51;;;;
726439;;12;;;;
729040;;38;4/7/20;;;
732401;;13;16/3/20;;;
73541000;;19;;;;
735836R01;;4;4/7/20;;;
736198;;5;;;;
736210;;46;14/3/20;;;
736210UK;;46;;;;
736321;;62;4/7/20;;;
736321UK;;66;4/7/20;;;
736321UKR01;;45;4/7/20;;;
736543;;2;26/6/20;;;
736543D;;;4/7/20;;;
7368;;21;;;;
7374;;1;;;;
738026;;23;;;;
741563;;6;;;;
742215;;14;16/3/20;;;
742350;;0;8/5/20;;;
743264;;12;4/7/20;;;
743352;;24;;;;
7437;;3;;;;
743826;;30;14/3/20;;;
7441;;3;;;;
7443;;18;14/3/20;;;
7452;;1;;;;
745201;;3;;;;
746709;;8;;;;
748472;;20;14/3/20;;;
748592;;15;;;;
748592UK;;18;;;;
748631;;2;;;;
748631UK;;2;;;;
748719;;102;4/7/20;;;
748719UK;;104;4/7/20;;;
7502;;11;;;;
75064543;;1;4/7/20;;;
7507/210;;11;;;;
75074542;;1;;;;
751213;;22;4/7/20;;;
753108;;45;4/7/20;;;
753114;;43;;;;
753251;;10;;;;
753260;;15;4/7/20;;;
753319;;38;;;;
753321;;1;;;;
7534;;9;;;;
754031;;18;4/7/20;;;
754192;;8;4/7/20;;;
754306;;3;;;;
754861;;29;16/3/20;;;
755108;;27;17/7/20;;;
75651547;;2;;;;
756729;;3;5/6/20;;;
756853;;14;4/7/20;;;
757186;;8;;;;
758022;;8;8/5/20;;;
7608;;38;14/3/20;;;
7611;;32;31/5/20;;;
7613;;40;;;;
761398;;10;4/7/20;;;
761508;;71;;;;
761508UK;;77;;;;
761508UKR01;;45;4/7/20;;;
761690;;40;15/3/20;;;
761690UK;;48;;;;
761690UKR01;;20;4/7/20;;;
762905;;32;17/7/20;;;
763712;;61;4/7/20;;;
763824;;12;14/3/20;;;
764011;;4;13/3/20;;;
764123;;11;13/3/20;;;
764352;;14;14/3/20;;;
764599;;36;17/3/20;;;
765376;;44;;;;
765509;;47;;;;
769932;;52;17/7/20;;;
77;;1;;;;
770916;;31;4/7/20;;;
772518;;85;4/7/20;;;
773106;;37;14/3/20;;;
773421;;19;14/3/20;;;
773572;;17;17/3/20;;;
775922;;10;15/5/20;;;
776538;;2;;;;
779025;;43;4/7/20;;;
781539;;23;16/3/20;;;
782619;;7;4/7/20;;;
783517;;0;14/3/20;;;
783517D;;0;4/7/20;;;
783529;;7;14/3/20;;;
783529D;;0;4/7/20;;;
783618;;14;8/5/20;;;
783618D;;0;4/7/20;;;
783627;;0;8/5/20;;;
783627D;;0;4/7/20;;;
783741;;49;8/5/20;;;
783753;;9;14/3/20;;;
784326;;234;14/3/20;;;
784326R01;;19;4/7/20;;;
784347;;92;8/5/20;;;
784347R01;;0;;;;
785194;;31;;;;
785263;;39;;;;
785635;;18;14/3/20;;;
785635D;;1;4/7/20;;;
785648;;11;8/5/20;;;
785648D;;0;;;;
785861;;1;;;;
785861D;;;;;;
786136;;33;14/3/20;;;
786351;;0;24/4/20;;;
786430;;22;26/6/20;;;
786485;;11;14/3/20;;;
786508;;2;14/3/20;;;
786577;;5;14/3/20;;;
786621;;15;26/6/20;;;
786645;;6;8/5/20;;;
786716;;32;8/5/20;;;
786831;;27;14/3/20;;;
786966;;15;14/3/20;;;
786973;;2;14/3/20;;;
787017;;0;8/5/20;;;
787024;;20;14/3/20;;;
787130;;38;26/6/20;;;
787147;;64;4/7/20;;;
787253;;11;12/6/20;;;
787253UKR01;;16;4/7/20;;;
787260;;53;26/6/20;;;
791248;;19;14/3/20;;;
792107;20691;14;12/6/20;;;
792219;20701;26;12/6/20;;;
792386;20721;27;4/7/20;;;
792425;2073;9;14/3/20;;;
792538;;41;16/3/20;;;
792538UK;;22;4/7/20;;;
792549;;43;15/3/20;;;
792572;;2;12/6/20;;;
792750;;24;;;;
792750UK;;24;;;;
793091;;0;14/3/20;;;
793091D;;0;4/7/20;;;
793168;;11;14/3/20;;;
793258;;25;8/5/20;;;
793258D;;0;4/7/20;;;
793269;;7;8/5/20;;;
793269D;;0;4/7/20;;;
793301;;79;14/3/20;;;
793371;;45;14/3/20;;;
793407;;37;4/7/20;;;
793412;;6;14/3/20;;;
793429;;7;8/5/20;;;
793523;;46;26/6/20;;;
793523D;;0;4/7/20;;;
793534;;8;7/3/20;;;
793534D;;1;4/7/20;;;
793635;;35;26/6/20;;;
793635D;;0;4/7/20;;;
793659;;19;8/5/20;;;
793659D;;;4/7/20;;;
793746;;2;14/3/20;;;
793746D;;;4/7/20;;;
793960;;27;14/3/20;;;
793960D;;0;4/7/20;;;
793960G;;6;8/5/20;;;
793960GD;;0;4/7/20;;;
794017;;3;14/3/20;;;
794025;;21;26/6/20;;;
794025D;;;4/7/20;;;
794172;;15;24/4/20;;;
794218;;16;16/3/20;;;
794368;;8;18/3/20;;;
794485;;103;4/7/20;;;
794496;;12;;;;
794528;;76;;;;
794539;;11;;;;
794691;;0;14/3/20;;;
794691D;;0;4/7/20;;;
810637;;0;26/6/20;;;
810637D;;1;4/7/20;;;
810871;;20;14/3/20;;;
814516;;91;;;;
815470;;47;4/7/20;;;
819374;;22;4/7/20;;;
820318;;17;16/3/20;;;
820426;2059;4;1/5/20;;;
820426;2060;8;14/3/20;;;
820613;2112;;;;;
820613;2113;;;;;
821437;;36;28/2/20;;;
821629;;10;16/3/20;;;
825306;;65;26/6/20;;;
825306UK;;65;;;;
825306UKR01;;8;;;;
825473;;39;30/6/20;;;
825473UK;;39;;;;
825473UKR01;;17;4/7/20;;;
826198;;30;15/5/20;;;
827494R01;;16;;;;
827523;;21;14/3/20;;;
827635;;4;14/3/20;;;
827635R01;;3;4/7/20;;;
827635R03;;7;;;;
827635R04;;7;4/7/20;;;
827746;;22;24/4/20;;;
831622;;19;14/3/20;;;
831635;;4;14/3/20;;;
831940;;0;14/3/20;;;
831963;;49;29/5/20;;;
832128;;9;24/4/20;;;
832139;;7;24/4/20;;;
835244;;49;4/7/20;;;
836104;;49;14/3/20;;;
836104UK;;49;;;;
836104UKR01;;8;4/7/20;;;
840842;2061;11;4/7/20;;;
842016;;28;4/7/20;;;
842753;;15;;;;
847118;;13;;;;
847235;;20;;;;
847351;;46;4/7/20;;;
847492;;43;4/7/20;;;
851251;;74;4/7/20;;;
851472;;0;5/6/20;;;
851973;;29;29/5/20;;;
852508;;24;16/3/20;;;
853804;;1;24/4/20;;;
854196N;;8;14/3/20;;;
854275;;0;31/5/20;;;
854275D;;15;4/7/20;;;
854275N;;0;17/3/20;;;
854321;;16;;;;
854321D;;16;;;;
854416;;;4/7/20;;;
854416D;;0;4/7/20;;;
854416N;;20;14/3/20;;;
854416ND;;22;;;;
854537D;;0;4/7/20;;;
854537N;;0;10/3/20;;;
854683;;89;14/3/20;;;
860218;;30;16/3/20;;;
860218R01;;25;;;;
860218R02;;54;4/7/20;;;
860218R03;;8;4/7/20;;;
860627;;33;;;;
860752;2083;5;4/7/20;;;
860953;;35;14/3/20;;;
861298;;0;24/4/20;;;
863624;;3;;;;
863952;;83;14/3/20;;;
863964;;3;29/5/20;;;
867012;;25;14/3/20;;;
867123;;13;14/3/20;;;
867234;;27;26/6/20;;;
870951;;26;4/7/20;;;
872258;;12;;;;
872469;;10;1/5/20;;;
872469D;;;4/7/20;;;
872478D;;2;;;;
872593;;9;14/3/20;;;
872611;;36;14/3/20;;;
872712;;26;14/3/20;;;
872729;;16;4/7/20;;;
872853;;32;4/7/20;;;
872853D;;1;4/7/20;;;
872941;;17;4/7/20;;;
872941D;;1;4/7/20;;;
872956;;9;4/7/20;;;
873079;;1;5/6/20;;;
873079D;;;4/7/20;;;
874192;;25;17/7/20;;;
874426;;2;;;;
876113;;6;14/3/20;;;
876113D;;;4/7/20;;;
876124;;2;1/5/20;;;
876124D;;0;4/7/20;;;
876295R01;;3;;;;
876352;;7;17/3/20;;;
876352D;;1;4/7/20;;;
876352R01;;28;;;;
876360;;4;14/3/20;;;
876360D;;;4/7/20;;;
876873;2071;14;16/3/20;;;
876873;2082;17;14/3/20;;;
876873;2084;17;14/3/20;;;
877019;;5;4/7/20;;;
877342;;1;;;;
877503;;3;;;;
880138;;0;24/4/20;;;
892519;;2;;;;
892519R01;;20;4/7/20;;;
894190;;14;;;;
89431589;7443;18;14/3/20;;;
895260;;7;;;;
896306;;58;4/7/20;;;
896412;;62;4/7/20;;;
899925;;28;15/5/20;;;
9001;;65;;;;
9004;;82;;;;
912064;;20;4/7/20;;;
921688;;0;24/4/20;;;
924071;;1;;;;
924713;;62;;;;
932401;;7;;;;
943501;;26;4/7/20;;;
953271;;28;15/5/20;;;
956082;;34;26/6/20;;;
956235;;4;;;;
956241;;69;4/7/20;;;
956384;;53;4/7/20;;;
956450;;39;4/7/20;;;
956518;;20;;;;
956522;;19;;;;
960243;;20;24/4/20;;;
978153;;30;14/3/20;;;
978245;;69;4/7/20;;;
983162;;29;17/7/20;;;
983174;;0;17/7/20;;;
996426;;19;4/7/20;;;
